<?xml version="1.0" encoding="UTF-8"?>
<project-private xmlns="http://www.netbeans.org/ns/project-private/1">
    <editor-bookmarks xmlns="http://www.netbeans.org/ns/editor-bookmarks/2" lastBookmarkId="0"/>
    <open-files xmlns="http://www.netbeans.org/ns/projectui-open-files/2">
        <group>
            <file>file:/C:/Users/marek/MPLABXProjects/EA.X/qei.c</file>
            <file>file:/C:/Users/marek/MPLABXProjects/EA.X/uart1Drv.h</file>
            <file>file:/C:/Users/marek/MPLABXProjects/EA.X/user.h</file>
            <file>file:/C:/Users/marek/MPLABXProjects/EA.X/main.c</file>
            <file>file:/C:/Users/marek/MPLABXProjects/EA.X/feprom.c</file>
            <file>file:/C:/Users/marek/MPLABXProjects/EA.X/SPI.c</file>
            <file>file:/C:/Users/marek/MPLABXProjects/EA.X/feprom.h</file>
            <file>file:/C:/Users/marek/MPLABXProjects/EA.X/uart1Drv.c</file>
            <file>file:/C:/Users/marek/MPLABXProjects/EA.X/analog.c</file>
        </group>
    </open-files>
</project-private>
